keyword,title,date
basic.css,CSS Introduction - W3Schools,2022-11-13
basic.css,CSS Tutorial - W3Schools,2022-11-13
basic.css,CSS 기초 - Web 개발 학습하기 | MDN,2022-11-13
basic.css,CSS: Cascading Style Sheets - MDN Web Docs,2022-11-13
basic.css,00. 기초(Basic) - HTML/CSS의 기초,2022-11-13
basic.css,Basic css - SlideShare,2022-11-13
basic.css,Basic CSS: About CSS - GCFGlobal,2022-11-13
basic.css,Free Basic CSS Tutorial at GCFGlobal,2022-11-13
basic.css,Introduction to CSS | CSS Tutorial for Beginners,2022-11-13
basic.css,Simple.css,2022-11-13
basic.css,CSS · Bootstrap,2022-11-13
basic.css,CSS Basic Properties,2022-11-13
basic.css,Base CSS - 생활코딩,2022-11-13
basic.css,어떻게 해야 하나요? CSS 스타일을 구현하기 위한 효율적이고 ...,2022-11-13
basic.css,Understand basic CSS principles - Break Down and Integrate ...,2022-11-13
basic.css,Basic CSS principles - OpenWeb - EU.org,2022-11-13
basic.css,"CSS를 적용하는 방법 - 코딩의 시작, TCP School",2022-11-13
basic.css,CSS Tutorial - Tutorialspoint,2022-11-13
basic.css,Learn CSS in 5 minutes - A tutorial for beginners,2022-11-13
basic.css,Basic HTML & CSS for beginners (Build One Project) - Udemy,2022-11-13
basic.css,Fundamental CSS for Beginners - Level Up Coding,2022-11-13
basic.css,Top 75+ CSS Interview Questions You Should Prepare,2022-11-13
basic.css,base css file - gists · GitHub,2022-11-13
basic.css,CSS Essential,2022-11-13
basic.css,CSS란? | HTML/CSS: 웹 페이지 제작이란? | 컴퓨터 프로그래밍,2022-11-13
basic.css,CSS/Properties/color/keywords - W3C Wiki,2022-11-13
basic.css,CSS Lesson 3: Basic CSS Selectors - LearnWebCode,2022-11-13
basic.css,CSS Introduction - GeeksforGeeks,2022-11-13
basic.css,Basic CSS Steps,2022-11-13
basic.css,Super Simple CSS Spinner - CodePen,2022-11-13
basic.css,"CSS, SCSS, and Less support in Visual Studio Code",2022-11-13
basic.css,Basic.css - Classless CSS Starter File,2022-11-13
basic.css,Basic CSS3 Techniques That You Should Know - WebFX,2022-11-13
basic.css,Learn Basic CSS by Building a Cafe Menu | PLAYCODE,2022-11-13
basic.css,CSS Basic Properties - Ryan's Tutorials,2022-11-13
basic.css,Basic Features: Built-in CSS Support | Next.js,2022-11-13
basic.css,Base - Pure.css,2022-11-13
basic.css,SpinKit | Simple CSS Spinners - Tobias Ahlin,2022-11-13
basic.css,Simple Custom CSS Plugin - WordPress.org,2022-11-13
basic.css,HTML and CSS: Creating a Basic Website - Pluralsight,2022-11-13
basic.css,CSS 101 | Tutorial - Berkeley Advanced Media Institute,2022-11-13
basic.css,"Free CSS | 3413 Free Website Templates, CSS Templates ...",2022-11-13
basic.css,Learn CSS - web.dev,2022-11-13
basic.css,Basic | jQuery API Documentation,2022-11-13
basic.css,Adding Custom Styles - Tailwind CSS,2022-11-13
basic.css,Quiz: CSS Basic - W3docs,2022-11-13
basic.css,Basic CSS - Frontend - RailsBridge,2022-11-13
basic.css,1. CSS [Basic CSS] - CS_Bank,2022-11-13
basic.css,TIL no.2 Basic CSS - velog,2022-11-13
basic.css,HTML & CSS Courses & Tutorials - Codecademy,2022-11-13
basic.css,Pin on html - Pinterest,2022-11-13
basic.css,reset.css base.css common.css 언제 어떻게 사용하는가?,2022-11-13
basic.css,Pico.css • Minimal CSS Framework for semantic HTML,2022-11-13
basic.css,10000+ Free CSS Templates 2022 - Nicepage,2022-11-13
basic.css,Top 35 CSS Interview Questions (2022) - Javatpoint,2022-11-13
basic.css,Beginner's Guide to Web Design - CSS Basics,2022-11-13
basic.css,Background from CSS not working in Base.html - Stack Overflow,2022-11-13
basic.css,Top 30+ CSS Interview Questions (2022) - InterviewBit,2022-11-13
basic.css,CSS3 Basic - Mash-Up 웹 개발 기초 스터디,2022-11-13
basic.css,HTML and CSS for Python Developers,2022-11-13
basic.css,Learn Best CSS Commands From Basic To Advanced - eduCBA,2022-11-13
basic.css,HTML For Beginners The Easy Way: Start Learning HTML ...,2022-11-13
basic.css,Web Design Tips: Basic CSS for Headers - Practical Ecommerce,2022-11-13
basic.css,Minimal CSS Reset - DigitalOcean,2022-11-13
basic.css,CSS Basic - Grace's Lab,2022-11-13
basic.css,Web Basic 101 – CSS layout - Astral Internet Canada,2022-11-13
basic.css,FreeCodeCamp: Basic CSS - Eleftheria Batsou - Medium,2022-11-13
basic.css,CSS Cascade Layers 소개 - WIT블로그,2022-11-13
basic.css,CSS Cascade Layers 소개 - WIT블로그,2022-11-13
basic.css,HTML5 Reset Stylesheet,2022-11-13
basic.css,Learn Basic CSS - Natasha Lane Design Co.,2022-11-13
basic.css,CSS Beginner Tutorial - HTML Dog,2022-11-13
basic.css,A simple carousel with a few lines of CSS - pawelgrzybek.com,2022-11-13
basic.css,Free CSS Media Query Generator by Simple CSS,2022-11-13
basic.css,Nine Basic CSS Categories to Use in Web Design - dummies,2022-11-13
basic.css,CSS Structure and Rules - HTML Help,2022-11-13
basic.css,HTML5 and CSS Fundamentals - edX,2022-11-13
basic.css,10 Simple Tips for Learning CSS for WordPress - WPMU Dev,2022-11-13
basic.css,A Basic Style Sheet | Understanding Cascading ... - InformIT,2022-11-13
basic.css,A Beginner's Guide to Styling Your Website With CSS,2022-11-13
basic.css,The Ultimate CSS Tutorial for Beginner Programmers,2022-11-13
basic.css,CSS Basics Course (How To) - Treehouse,2022-11-13
basic.css,My Custom CSS Reset - Josh W Comeau,2022-11-13
basic.css,No-Class CSS Frameworks,2022-11-13
basic.css,CSS Basic - software develop,2022-11-13
basic.css,Sass Basics,2022-11-13
basic.css,Simple.css – A classless CSS framework - Hacker News,2022-11-13
basic.css,CSS Baseline - Material UI - MUI,2022-11-13
basic.css,How to style forms with CSS: A beginner's guide,2022-11-13
basic.css,[CSS] BASIC THINGS - 당 떨어질 땐 초코딩 - 티스토리,2022-11-13
basic.css,"Introduction to CSS Online Class | LinkedIn Learning, formerly ...",2022-11-13
basic.css,Less CSS,2022-11-13
basic.css,HTML5 and CSS: The Basics - UITS IT Training,2022-11-13
basic.css,Animate.css | A cross-browser library of CSS animations.,2022-11-13
basic.css,How to create a website using HTML and CSS in 7 steps,2022-11-13
basic.css,What's the difference between normal CSS and Tailwind CSS?,2022-11-13
basic.css,Basscss,2022-11-13
basic.css,CSS - Wikipedia,2022-11-13
